location,date,new_cases,tokyo_increase_color,italy_increase_color
United States,2020-01-23,0,orange,orange
United States,2020-01-24,1,orange,orange
United States,2020-01-25,0,orange,orange
United States,2020-01-26,3,orange,orange
United States,2020-01-27,0,orange,orange
United States,2020-01-28,0,orange,orange
United States,2020-01-29,1,orange,orange
United States,2020-01-30,0,orange,orange
United States,2020-01-31,2,orange,orange
United States,2020-02-01,0,orange,orange
United States,2020-02-02,0,orange,orange
United States,2020-02-03,3,orange,orange
United States,2020-02-04,0,orange,orange
United States,2020-02-05,0,orange,orange
United States,2020-02-06,1,orange,orange
United States,2020-02-07,0,orange,orange
United States,2020-02-08,0,orange,orange
United States,2020-02-09,0,orange,orange
United States,2020-02-10,0,orange,orange
United States,2020-02-11,1,orange,orange
United States,2020-02-12,0,orange,orange
United States,2020-02-13,1,orange,orange
United States,2020-02-14,0,orange,orange
United States,2020-02-15,0,orange,orange
United States,2020-02-16,0,orange,orange
United States,2020-02-17,0,orange,orange
United States,2020-02-18,0,orange,orange
United States,2020-02-19,0,orange,orange
United States,2020-02-20,0,orange,orange
United States,2020-02-21,2,orange,orange
United States,2020-02-22,0,orange,orange
United States,2020-02-23,0,orange,orange
United States,2020-02-24,0,orange,orange
United States,2020-02-25,0,orange,orange
United States,2020-02-26,0,orange,orange
United States,2020-02-27,1,orange,orange
United States,2020-02-28,0,orange,orange
United States,2020-02-29,8,orange,orange
United States,2020-03-01,7,orange,orange
United States,2020-03-02,23,orange,orange
United States,2020-03-03,19,orange,orange
United States,2020-03-04,33,orange,orange
United States,2020-03-05,77,orange,orange
United States,2020-03-06,53,orange,orange
United States,2020-03-07,166,orange,orange
United States,2020-03-08,116,orange,orange
United States,2020-03-09,75,orange,orange
United States,2020-03-10,188,orange,orange
United States,2020-03-11,365,orange,orange
United States,2020-03-12,439,orange,orange
United States,2020-03-13,633,orange,orange
United States,2020-03-14,759,orange,orange
United States,2020-03-15,234,orange,orange
United States,2020-03-16,1467,orange,orange
United States,2020-03-17,1833,orange,orange
United States,2020-03-18,2657,orange,orange
United States,2020-03-19,4494,orange,orange
United States,2020-03-20,6367,orange,orange
United States,2020-03-21,5995,orange,orange
United States,2020-03-22,8873,orange,orange
United States,2020-03-23,11238,orange,orange
United States,2020-03-24,10619,orange,orange
United States,2020-03-25,12082,orange,orange
United States,2020-03-26,17856,orange,orange
United States,2020-03-27,18690,orange,orange
United States,2020-03-28,19630,orange,orange
United States,2020-03-29,18899,orange,orange
United States,2020-03-30,22075,orange,orange
United States,2020-03-31,26314,orange,orange
United States,2020-04-01,32286,orange,orange
United States,2020-04-02,32222,orange,orange
United States,2020-04-03,32307,orange,orange
United States,2020-04-04,32386,orange,orange
United States,2020-04-05,29895,orange,orange
United States,2020-04-06,31390,orange,orange
United States,2020-04-07,30779,orange,orange
United States,2020-04-08,31235,orange,orange
United States,2020-04-09,35942,orange,orange
United States,2020-04-10,34403,orange,orange
United States,2020-04-11,29083,orange,orange
United States,2020-04-12,27256,orange,orange
United States,2020-04-13,26939,orange,orange
United States,2020-04-14,28818,orange,orange
United States,2020-04-15,25408,orange,orange
United States,2020-04-16,30002,orange,orange
United States,2020-04-17,33066,orange,orange
United States,2020-04-18,27907,orange,orange
United States,2020-04-19,26062,orange,orange
United States,2020-04-20,29820,orange,orange
United States,2020-04-21,25926,orange,orange
United States,2020-04-22,28911,orange,orange
United States,2020-04-23,33612,orange,orange
United States,2020-04-24,32327,orange,orange
United States,2020-04-25,30380,orange,orange
United States,2020-04-26,26488,orange,orange
United States,2020-04-27,23715,orange,orange
United States,2020-04-28,24575,orange,orange
United States,2020-04-29,26459,orange,orange
United States,2020-04-30,29205,orange,orange
United States,2020-05-01,34907,orange,orange
United States,2020-05-02,27348,orange,orange
United States,2020-05-03,24321,orange,orange
United States,2020-05-04,24068,orange,orange
United States,2020-05-05,24528,orange,orange
United States,2020-05-06,24569,orange,orange
United States,2020-05-07,27429,orange,orange
United States,2020-05-08,26830,orange,orange
United States,2020-05-09,25176,orange,orange
United States,2020-05-10,18805,orange,orange
United States,2020-05-11,19298,orange,orange
United States,2020-05-12,22927,orange,orange
United States,2020-05-13,20433,orange,orange
United States,2020-05-14,26817,orange,orange
United States,2020-05-15,24733,orange,orange
United States,2020-05-16,24135,orange,orange
United States,2020-05-17,18388,orange,orange
United States,2020-05-18,22389,orange,orange
United States,2020-05-19,20979,orange,orange
United States,2020-05-20,22725,orange,orange
United States,2020-05-21,25769,orange,orange
United States,2020-05-22,23649,orange,orange
United States,2020-05-23,21099,orange,orange
United States,2020-05-24,20077,orange,orange
United States,2020-05-25,18662,orange,orange
United States,2020-05-26,19663,orange,orange
United States,2020-05-27,18551,orange,orange
United States,2020-05-28,22320,orange,orange
United States,2020-05-29,24478,orange,orange
United States,2020-05-30,23632,orange,orange
United States,2020-05-31,18983,orange,orange
United States,2020-06-01,17414,orange,orange
United States,2020-06-02,21502,orange,orange
United States,2020-06-03,19857,orange,orange
United States,2020-06-04,21658,orange,orange
United States,2020-06-05,25403,orange,orange
United States,2020-06-06,21142,orange,orange
United States,2020-06-07,17928,orange,orange
United States,2020-06-08,17616,orange,orange
United States,2020-06-09,18383,orange,orange
United States,2020-06-10,21111,orange,orange
United States,2020-06-11,23166,orange,orange
United States,2020-06-12,24828,orange,orange
United States,2020-06-13,25212,orange,orange
United States,2020-06-14,18941,orange,orange
United States,2020-06-15,19827,orange,orange
United States,2020-06-16,23667,orange,orange
United States,2020-06-17,27072,orange,orange
United States,2020-06-18,28537,orange,orange
United States,2020-06-19,31544,orange,orange
United States,2020-06-20,32280,orange,orange
United States,2020-06-21,25150,orange,orange
United States,2020-06-22,32144,orange,orange
United States,2020-06-23,37072,orange,orange
United States,2020-06-24,35878,orange,orange
United States,2020-06-25,40326,orange,orange
United States,2020-06-26,45999,orange,orange
United States,2020-06-27,41330,orange,orange
United States,2020-06-28,40734,orange,orange
United States,2020-06-29,41299,orange,orange
United States,2020-06-30,46420,orange,orange
United States,2020-07-01,51820,orange,orange
United States,2020-07-02,56636,orange,orange
United States,2020-07-03,51351,orange,orange
United States,2020-07-04,45693,orange,orange
United States,2020-07-05,50747,orange,orange
United States,2020-07-06,43106,orange,orange
United States,2020-07-07,60661,orange,orange
United States,2020-07-08,60119,orange,orange
United States,2020-07-09,62509,orange,orange
United States,2020-07-10,68057,orange,orange
United States,2020-07-11,60017,orange,orange
United States,2020-07-12,58424,orange,orange
United States,2020-07-13,58930,orange,orange
United States,2020-07-14,68051,orange,orange
United States,2020-07-15,68090,orange,orange
United States,2020-07-16,75866,orange,orange
United States,2020-07-17,72236,orange,orange
United States,2020-07-18,62536,orange,orange
United States,2020-07-19,60456,orange,orange
United States,2020-07-20,62107,orange,orange
United States,2020-07-21,64461,orange,orange
United States,2020-07-22,70579,orange,orange
United States,2020-07-23,68445,orange,orange
United States,2020-07-24,73319,orange,orange
United States,2020-07-25,64953,orange,orange
United States,2020-07-26,54816,orange,orange
United States,2020-07-27,56783,orange,orange
United States,2020-07-28,66412,orange,orange
United States,2020-07-29,71873,orange,orange
United States,2020-07-30,67466,orange,orange
United States,2020-07-31,68712,orange,orange
United States,2020-08-01,56201,orange,orange
United States,2020-08-02,45568,orange,orange
United States,2020-08-03,45501,orange,orange
United States,2020-08-04,58774,orange,orange
United States,2020-08-05,54466,orange,orange
United States,2020-08-06,59349,orange,orange
United States,2020-08-07,59303,orange,orange
United States,2020-08-08,54134,orange,orange
United States,2020-08-09,45769,orange,orange
United States,2020-08-10,47606,orange,orange
United States,2020-08-11,48003,orange,orange
United States,2020-08-12,56040,orange,orange
United States,2020-08-13,51316,orange,orange
United States,2020-08-14,65336,orange,orange
United States,2020-08-15,46951,orange,orange
United States,2020-08-16,39212,orange,orange
United States,2020-08-17,36652,orange,orange
United States,2020-08-18,45033,orange,orange
United States,2020-08-19,47320,orange,orange
United States,2020-08-20,44041,orange,orange
United States,2020-08-21,48843,orange,orange
United States,2020-08-22,43064,orange,orange
United States,2020-08-23,34247,orange,orange
United States,2020-08-24,36482,orange,orange
United States,2020-08-25,40354,orange,orange
United States,2020-08-26,45172,orange,orange
United States,2020-08-27,45393,orange,orange
United States,2020-08-28,46832,orange,orange
United States,2020-08-29,42754,orange,orange
United States,2020-08-30,34404,orange,orange
United States,2020-08-31,35362,orange,orange
United States,2020-09-01,41846,orange,orange
United States,2020-09-02,41018,orange,orange
United States,2020-09-03,44251,orange,orange
United States,2020-09-04,50382,orange,orange
United States,2020-09-05,43158,orange,orange
United States,2020-09-06,31218,orange,orange
United States,2020-09-07,23613,orange,orange
United States,2020-09-08,27226,orange,orange
United States,2020-09-09,34049,orange,orange
United States,2020-09-10,36056,orange,orange
United States,2020-09-11,47769,orange,orange
United States,2020-09-12,41101,orange,orange
United States,2020-09-13,34372,orange,orange
United States,2020-09-14,34423,orange,orange
United States,2020-09-15,39492,orange,orange
United States,2020-09-16,39030,orange,orange
United States,2020-09-17,45130,orange,orange
United States,2020-09-18,49282,orange,orange
United States,2020-09-19,42202,orange,orange
United States,2020-09-20,38447,orange,orange
United States,2020-09-21,51878,orange,orange
United States,2020-09-22,39866,orange,orange
United States,2020-09-23,39069,orange,orange
United States,2020-09-24,47103,orange,orange
United States,2020-09-25,48295,orange,orange
United States,2020-09-26,44673,orange,orange
United States,2020-09-27,37528,orange,orange
United States,2020-09-28,33294,orange,orange
United States,2020-09-29,43338,orange,orange
United States,2020-09-30,39443,orange,orange
United States,2020-10-01,45650,orange,orange
United States,2020-10-02,54950,orange,orange
United States,2020-10-03,48577,orange,orange
United States,2020-10-04,35738,orange,orange
United States,2020-10-05,39376,orange,orange
United States,2020-10-06,45289,orange,orange
United States,2020-10-07,51056,orange,orange
United States,2020-10-08,58599,orange,orange
United States,2020-10-09,56384,orange,orange
United States,2020-10-10,54953,orange,orange
United States,2020-10-11,45981,orange,orange
United States,2020-10-12,41774,orange,orange
United States,2020-10-13,52231,orange,orange
United States,2020-10-14,59778,orange,orange
United States,2020-10-15,64880,orange,orange
United States,2020-10-16,69147,orange,orange
United States,2020-10-17,56759,orange,orange
United States,2020-10-18,49367,orange,orange
United States,2020-10-19,67717,orange,orange
United States,2020-10-20,61956,orange,orange
United States,2020-10-21,63301,orange,orange
United States,2020-10-22,76310,orange,orange
United States,2020-10-23,81933,orange,orange
United States,2020-10-24,82767,orange,orange
United States,2020-10-25,62204,orange,orange
United States,2020-10-26,67310,orange,orange
United States,2020-10-27,76838,orange,orange
United States,2020-10-28,79426,orange,orange
United States,2020-10-29,91019,orange,orange
United States,2020-10-30,99264,orange,orange
United States,2020-10-31,89754,orange,orange
United States,2020-11-01,104900,orange,orange
United States,2020-11-02,85211,orange,orange
United States,2020-11-03,127198,orange,orange
United States,2020-11-04,104541,orange,orange
United States,2020-11-05,129367,orange,orange
United States,2020-11-06,128033,orange,orange
United States,2020-11-07,127510,orange,orange
United States,2020-11-08,115170,orange,orange
United States,2020-11-09,120434,orange,orange
United States,2020-11-10,140504,orange,orange
United States,2020-11-11,146750,orange,orange
United States,2020-11-12,164750,orange,orange
United States,2020-11-13,180398,orange,orange
United States,2020-11-14,167926,orange,orange
United States,2020-11-15,136356,orange,orange
United States,2020-11-16,162624,orange,orange
United States,2020-11-17,163958,orange,orange
United States,2020-11-18,173251,orange,orange
United States,2020-11-19,191510,orange,orange
United States,2020-11-20,198333,orange,orange
United States,2020-11-21,179436,orange,orange
United States,2020-11-22,146947,orange,orange
United States,2020-11-23,174089,orange,orange
United States,2020-11-24,175544,orange,orange
United States,2020-11-25,183403,orange,orange
United States,2020-11-26,112526,orange,orange
United States,2020-11-27,207933,orange,orange
United States,2020-11-28,155661,orange,orange
United States,2020-11-29,140328,orange,orange
United States,2020-11-30,160321,orange,orange
United States,2020-12-01,188339,orange,orange
United States,2020-12-02,202894,orange,orange
United States,2020-12-03,223421,orange,orange
United States,2020-12-04,232644,orange,orange
United States,2020-12-05,215811,orange,orange
United States,2020-12-06,181253,orange,orange
United States,2020-12-07,194409,orange,orange
United States,2020-12-08,224452,orange,orange
United States,2020-12-09,222648,orange,orange
United States,2020-12-10,231428,orange,orange
United States,2020-12-11,240089,orange,orange
United States,2020-12-12,217797,orange,orange
United States,2020-12-13,187971,orange,orange
United States,2020-12-14,194314,orange,orange
United States,2020-12-15,208992,orange,orange
United States,2020-12-16,246644,orange,orange
United States,2020-12-17,239900,orange,orange
United States,2020-12-18,251832,orange,orange
United States,2020-12-19,192102,orange,orange
United States,2020-12-20,188015,orange,orange
United States,2020-12-21,198703,orange,orange
United States,2020-12-22,198107,orange,orange
United States,2020-12-23,229624,orange,orange
United States,2020-12-24,194155,orange,orange
United States,2020-12-25,97880,orange,orange
United States,2020-12-26,226416,orange,orange
United States,2020-12-27,155845,orange,orange
United States,2020-12-28,174152,orange,orange
United States,2020-12-29,200408,orange,orange
United States,2020-12-30,233701,orange,orange
United States,2020-12-31,235600,orange,orange
United States,2021-01-01,153916,orange,orange
United States,2021-01-02,300462,orange,orange
United States,2021-01-03,208853,orange,orange
United States,2021-01-04,184005,orange,orange
United States,2021-01-05,235042,orange,orange
United States,2021-01-06,255637,orange,orange
United States,2021-01-07,278337,orange,orange
United States,2021-01-08,295257,orange,orange
United States,2021-01-09,260967,orange,orange
United States,2021-01-10,213415,orange,orange
United States,2021-01-11,214664,orange,orange
United States,2021-01-12,226967,orange,orange
United States,2021-01-13,230301,orange,orange
United States,2021-01-14,235766,orange,orange
United States,2021-01-15,242780,orange,orange
United States,2021-01-16,201858,orange,orange
United States,2021-01-17,177931,orange,orange
United States,2021-01-18,143598,orange,orange
United States,2021-01-19,176216,orange,orange
United States,2021-01-20,183261,orange,orange
United States,2021-01-21,193856,orange,orange
United States,2021-01-22,190760,orange,orange
United States,2021-01-23,170759,orange,orange
United States,2021-01-24,131198,orange,orange
United States,2021-01-25,151677,orange,orange
United States,2021-01-26,147626,orange,orange
United States,2021-01-27,153961,orange,orange
United States,2021-01-28,168804,orange,orange
United States,2021-01-29,166613,orange,orange
United States,2021-01-30,142459,orange,orange
United States,2021-01-31,112152,orange,orange
United States,2021-02-01,134975,orange,orange
United States,2021-02-02,115303,orange,orange
United States,2021-02-03,121691,orange,orange
United States,2021-02-04,124006,orange,orange
United States,2021-02-05,134422,orange,orange
United States,2021-02-06,104176,orange,orange
United States,2021-02-07,89746,orange,orange
United States,2021-02-08,90438,orange,orange
United States,2021-02-09,95265,orange,orange
United States,2021-02-10,95250,orange,orange
United States,2021-02-11,105764,orange,orange
United States,2021-02-12,99670,orange,orange
United States,2021-02-13,87219,orange,orange
United States,2021-02-14,65135,orange,orange
United States,2021-02-15,54279,orange,orange
United States,2021-02-16,62498,orange,orange
United States,2021-02-17,70139,orange,orange
United States,2021-02-18,69911,orange,orange
United States,2021-02-19,79282,orange,orange
United States,2021-02-20,71608,orange,orange
United States,2021-02-21,57161,orange,orange
United States,2021-02-22,56151,orange,orange
United States,2021-02-23,72278,orange,orange
United States,2021-02-24,74736,orange,orange
United States,2021-02-25,77514,orange,orange
United States,2021-02-26,77333,orange,orange
United States,2021-02-27,64644,orange,orange
United States,2021-02-28,51419,orange,orange
United States,2021-03-01,58099,orange,orange
United States,2021-03-02,57090,orange,orange
United States,2021-03-03,67201,orange,orange
United States,2021-03-04,68057,orange,orange
United States,2021-03-05,66429,orange,orange
United States,2021-03-06,58247,orange,orange
United States,2021-03-07,41075,orange,orange
United States,2021-03-08,44919,orange,orange
United States,2021-03-09,57654,orange,orange
United States,2021-03-10,57908,orange,orange
United States,2021-03-11,62461,orange,orange
United States,2021-03-12,61511,orange,orange
United States,2021-03-13,53029,orange,orange
United States,2021-03-14,38282,orange,orange
United States,2021-03-15,56546,orange,orange
United States,2021-03-16,53993,orange,orange
United States,2021-03-17,59279,orange,orange
United States,2021-03-18,60374,orange,orange
United States,2021-03-19,61666,orange,orange
United States,2021-03-20,55496,orange,orange
United States,2021-03-21,33840,orange,orange
United States,2021-03-22,51433,orange,orange
United States,2021-03-23,53668,orange,orange
United States,2021-03-24,86954,orange,orange
United States,2021-03-25,67549,orange,orange
United States,2021-03-26,77370,orange,orange
United States,2021-03-27,62848,orange,orange
United States,2021-03-28,43220,orange,orange
United States,2021-03-29,69282,orange,orange
United States,2021-03-30,61426,orange,orange
United States,2021-03-31,66769,orange,orange
United States,2021-04-01,79115,orange,orange
United States,2021-04-02,69886,orange,orange
United States,2021-04-03,63258,orange,orange
United States,2021-04-04,35126,orange,orange
United States,2021-04-05,77399,orange,orange
United States,2021-04-06,60690,orange,orange
United States,2021-04-07,75005,orange,orange
United States,2021-04-08,79882,orange,orange
United States,2021-04-09,82713,orange,orange
United States,2021-04-10,66696,orange,orange
United States,2021-04-11,46506,orange,orange
United States,2021-04-12,70093,orange,orange
United States,2021-04-13,77957,orange,orange
United States,2021-04-14,75413,orange,orange
United States,2021-04-15,74304,orange,orange
United States,2021-04-16,80051,orange,orange
United States,2021-04-17,52546,orange,orange
United States,2021-04-18,42114,orange,orange
United States,2021-04-19,68123,orange,orange
United States,2021-04-20,60941,orange,orange
United States,2021-04-21,62859,orange,orange
United States,2021-04-22,67269,orange,orange
United States,2021-04-23,62405,orange,orange
United States,2021-04-24,53492,orange,orange
United States,2021-04-25,32165,orange,orange
United States,2021-04-26,47566,orange,orange
United States,2021-04-27,50841,orange,orange
United States,2021-04-28,55141,orange,orange
United States,2021-04-29,58255,orange,orange
United States,2021-04-30,57920,orange,orange
United States,2021-05-01,45383,orange,orange
United States,2021-05-02,29404,orange,orange
United States,2021-05-03,50492,orange,orange
United States,2021-05-04,40716,orange,orange
United States,2021-05-05,44713,orange,orange
United States,2021-05-06,47552,orange,orange
United States,2021-05-07,48137,orange,orange
United States,2021-05-08,33676,orange,orange
United States,2021-05-09,21430,orange,orange
United States,2021-05-10,36804,orange,orange
United States,2021-05-11,33644,orange,orange
United States,2021-05-12,35839,orange,orange
United States,2021-05-13,38076,orange,orange
United States,2021-05-14,42259,orange,orange
United States,2021-05-15,28854,orange,orange
United States,2021-05-16,16887,orange,orange
United States,2021-05-17,28622,orange,orange
United States,2021-05-18,27790,orange,orange
United States,2021-05-19,29293,orange,orange
United States,2021-05-20,30208,orange,orange
United States,2021-05-21,27952,orange,orange
United States,2021-05-22,19799,orange,orange
United States,2021-05-23,12866,orange,orange
United States,2021-05-24,25819,orange,orange
United States,2021-05-25,22739,orange,orange
United States,2021-05-26,23972,orange,orange
United States,2021-05-27,27454,orange,orange
United States,2021-05-28,21858,orange,orange
United States,2021-05-29,11999,orange,orange
United States,2021-05-30,6733,orange,orange
United States,2021-05-31,5776,orange,orange
United States,2021-06-01,22943,orange,orange
United States,2021-06-02,16913,orange,orange
United States,2021-06-03,19074,orange,orange
United States,2021-06-04,16860,orange,orange
United States,2021-06-05,13908,orange,orange
United States,2021-06-06,5395,orange,orange
United States,2021-06-07,15496,orange,orange
United States,2021-06-08,13011,orange,orange
United States,2021-06-09,18646,orange,orange
United States,2021-06-10,14543,orange,orange
United States,2021-06-11,24704,orange,orange
United States,2021-06-12,8228,orange,orange
United States,2021-06-13,4775,orange,orange
United States,2021-06-14,12731,orange,orange
United States,2021-06-15,11304,orange,orange
United States,2021-06-16,12430,orange,orange
United States,2021-06-17,10399,orange,orange
United States,2021-06-18,20608,orange,orange
United States,2021-06-19,8520,orange,orange
United States,2021-06-20,3892,orange,orange
United States,2021-06-21,12388,orange,orange
United States,2021-06-22,10940,orange,orange
United States,2021-06-23,12436,orange,orange
United States,2021-06-24,12830,orange,orange
United States,2021-06-25,12667,orange,orange
Japan,2020-01-23,0,orange,orange
Japan,2020-01-24,0,orange,orange
Japan,2020-01-25,0,orange,orange
Japan,2020-01-26,2,orange,orange
Japan,2020-01-27,0,orange,orange
Japan,2020-01-28,3,orange,orange
Japan,2020-01-29,0,orange,orange
Japan,2020-01-30,4,orange,orange
Japan,2020-01-31,4,orange,orange
Japan,2020-02-01,5,orange,orange
Japan,2020-02-02,0,orange,orange
Japan,2020-02-03,0,orange,orange
Japan,2020-02-04,2,orange,orange
Japan,2020-02-05,1,orange,orange
Japan,2020-02-06,0,orange,orange
Japan,2020-02-07,0,orange,orange
Japan,2020-02-08,1,orange,orange
Japan,2020-02-09,0,orange,orange
Japan,2020-02-10,2,orange,orange
Japan,2020-02-11,1,orange,orange
Japan,2020-02-12,1,orange,orange
Japan,2020-02-13,5,orange,orange
Japan,2020-02-14,10,orange,orange
Japan,2020-02-15,11,orange,orange
Japan,2020-02-16,6,orange,orange
Japan,2020-02-17,7,orange,orange
Japan,2020-02-18,12,orange,orange
Japan,2020-02-19,6,orange,orange
Japan,2020-02-20,10,orange,orange
Japan,2020-02-21,17,orange,orange
Japan,2020-02-22,25,orange,orange
Japan,2020-02-23,12,orange,orange
Japan,2020-02-24,11,orange,orange
Japan,2020-02-25,13,orange,orange
Japan,2020-02-26,19,orange,orange
Japan,2020-02-27,26,orange,orange
Japan,2020-02-28,18,orange,orange
Japan,2020-02-29,9,orange,orange
Japan,2020-03-01,14,orange,orange
Japan,2020-03-02,19,orange,orange
Japan,2020-03-03,20,orange,orange
Japan,2020-03-04,35,orange,orange
Japan,2020-03-05,32,orange,orange
Japan,2020-03-06,55,orange,orange
Japan,2020-03-07,46,orange,orange
Japan,2020-03-08,33,orange,orange
Japan,2020-03-09,28,orange,orange
Japan,2020-03-10,58,orange,orange
Japan,2020-03-11,55,orange,orange
Japan,2020-03-12,56,orange,orange
Japan,2020-03-13,37,orange,orange
Japan,2020-03-14,62,orange,orange
Japan,2020-03-15,31,orange,orange
Japan,2020-03-16,17,orange,orange
Japan,2020-03-17,50,orange,orange
Japan,2020-03-18,35,orange,orange
Japan,2020-03-19,40,orange,orange
Japan,2020-03-20,54,orange,orange
Japan,2020-03-21,37,orange,orange
Japan,2020-03-22,45,orange,orange
Japan,2020-03-23,40,orange,orange
Japan,2020-03-24,73,orange,orange
Japan,2020-03-25,97,orange,orange
Japan,2020-03-26,102,orange,orange
Japan,2020-03-27,114,orange,orange
Japan,2020-03-28,198,orange,orange
Japan,2020-03-29,179,orange,orange
Japan,2020-03-30,94,orange,orange
Japan,2020-03-31,254,orange,orange
Japan,2020-04-01,280,orange,orange
Japan,2020-04-02,283,orange,orange
Japan,2020-04-03,336,orange,orange
Japan,2020-04-04,371,orange,orange
Japan,2020-04-05,351,orange,orange
Japan,2020-04-06,234,orange,orange
Japan,2020-04-07,375,orange,orange
Japan,2020-04-08,535,orange,orange
Japan,2020-04-09,594,orange,orange
Japan,2020-04-10,636,orange,orange
Japan,2020-04-11,701,orange,orange
Japan,2020-04-12,522,orange,orange
Japan,2020-04-13,300,orange,orange
Japan,2020-04-14,504,orange,orange
Japan,2020-04-15,558,orange,orange
Japan,2020-04-16,563,orange,orange
Japan,2020-04-17,560,orange,orange
Japan,2020-04-18,590,orange,orange
Japan,2020-04-19,366,orange,orange
Japan,2020-04-20,344,orange,orange
Japan,2020-04-21,383,orange,orange
Japan,2020-04-22,396,orange,orange
Japan,2020-04-23,432,orange,orange
Japan,2020-04-24,385,orange,orange
Japan,2020-04-25,332,orange,orange
Japan,2020-04-26,219,orange,orange
Japan,2020-04-27,171,orange,orange
Japan,2020-04-28,284,orange,orange
Japan,2020-04-29,216,orange,orange
Japan,2020-04-30,208,orange,orange
Japan,2020-05-01,274,orange,orange
Japan,2020-05-02,303,orange,orange
Japan,2020-05-03,200,orange,orange
Japan,2020-05-04,168,orange,orange
Japan,2020-05-05,125,orange,orange
Japan,2020-05-06,101,orange,orange
Japan,2020-05-07,98,orange,orange
Japan,2020-05-08,87,orange,orange
Japan,2020-05-09,115,orange,orange
Japan,2020-05-10,69,orange,orange
Japan,2020-05-11,37,orange,orange
Japan,2020-05-12,87,orange,orange
Japan,2020-05-13,50,orange,orange
Japan,2020-05-14,98,orange,orange
Japan,2020-05-15,52,orange,orange
Japan,2020-05-16,54,orange,orange
Japan,2020-05-17,24,orange,orange
Japan,2020-05-18,33,orange,orange
Japan,2020-05-19,28,orange,orange
Japan,2020-05-20,34,orange,orange
Japan,2020-05-21,41,orange,orange
Japan,2020-05-22,23,orange,orange
Japan,2020-05-23,25,orange,orange
Japan,2020-05-24,41,orange,orange
Japan,2020-05-25,21,orange,orange
Japan,2020-05-26,30,orange,orange
Japan,2020-05-27,26,orange,orange
Japan,2020-05-28,70,orange,orange
Japan,2020-05-29,75,orange,orange
Japan,2020-05-30,43,orange,orange
Japan,2020-05-31,35,orange,orange
Japan,2020-06-01,36,orange,orange
Japan,2020-06-02,50,orange,orange
Japan,2020-06-03,30,orange,orange
Japan,2020-06-04,44,orange,orange
Japan,2020-06-05,47,orange,orange
Japan,2020-06-06,42,orange,orange
Japan,2020-06-07,39,orange,orange
Japan,2020-06-08,21,orange,orange
Japan,2020-06-09,51,orange,orange
Japan,2020-06-10,35,orange,orange
Japan,2020-06-11,41,orange,orange
Japan,2020-06-12,63,orange,orange
Japan,2020-06-13,43,orange,orange
Japan,2020-06-14,76,orange,orange
Japan,2020-06-15,70,orange,orange
Japan,2020-06-16,45,orange,orange
Japan,2020-06-17,46,orange,orange
Japan,2020-06-18,58,orange,orange
Japan,2020-06-19,70,orange,orange
Japan,2020-06-20,67,orange,orange
Japan,2020-06-21,55,orange,orange
Japan,2020-06-22,40,orange,orange
Japan,2020-06-23,59,orange,orange
Japan,2020-06-24,84,orange,orange
Japan,2020-06-25,92,orange,orange
Japan,2020-06-26,107,orange,orange
Japan,2020-06-27,92,orange,orange
Japan,2020-06-28,112,orange,orange
Japan,2020-06-29,110,orange,orange
Japan,2020-06-30,139,orange,orange
Japan,2020-07-01,223,red,orange
Japan,2020-07-02,217,red,orange
Japan,2020-07-03,130,red,orange
Japan,2020-07-04,276,red,orange
Japan,2020-07-05,207,red,orange
Japan,2020-07-06,180,red,orange
Japan,2020-07-07,207,red,orange
Japan,2020-07-08,206,red,orange
Japan,2020-07-09,356,red,orange
Japan,2020-07-10,427,red,orange
Japan,2020-07-11,386,red,orange
Japan,2020-07-12,411,red,orange
Japan,2020-07-13,284,red,orange
Japan,2020-07-14,312,red,orange
Japan,2020-07-15,735,red,orange
Japan,2020-07-16,338,red,orange
Japan,2020-07-17,594,red,orange
Japan,2020-07-18,842,red,orange
Japan,2020-07-19,500,red,orange
Japan,2020-07-20,260,red,orange
Japan,2020-07-21,757,red,orange
Japan,2020-07-22,673,red,orange
Japan,2020-07-23,978,red,orange
Japan,2020-07-24,769,red,orange
Japan,2020-07-25,801,red,orange
Japan,2020-07-26,864,red,orange
Japan,2020-07-27,594,red,orange
Japan,2020-07-28,974,red,orange
Japan,2020-07-29,1266,red,orange
Japan,2020-07-30,1762,red,orange
Japan,2020-07-31,1090,red,orange
Japan,2020-08-01,1570,red,orange
Japan,2020-08-02,1312,red,orange
Japan,2020-08-03,983,red,orange
Japan,2020-08-04,1248,red,orange
Japan,2020-08-05,1339,red,orange
Japan,2020-08-06,1481,red,orange
Japan,2020-08-07,1597,red,orange
Japan,2020-08-08,1578,red,orange
Japan,2020-08-09,1440,red,orange
Japan,2020-08-10,835,red,orange
Japan,2020-08-11,685,red,orange
Japan,2020-08-12,986,red,orange
Japan,2020-08-13,1183,red,orange
Japan,2020-08-14,1347,red,orange
Japan,2020-08-15,1233,red,orange
Japan,2020-08-16,1023,red,orange
Japan,2020-08-17,643,red,orange
Japan,2020-08-18,919,red,orange
Japan,2020-08-19,1092,red,orange
Japan,2020-08-20,1172,red,orange
Japan,2020-08-21,1049,red,orange
Japan,2020-08-22,967,red,orange
Japan,2020-08-23,742,orange,orange
Japan,2020-08-24,500,orange,orange
Japan,2020-08-25,730,orange,orange
Japan,2020-08-26,891,orange,orange
Japan,2020-08-27,874,orange,orange
Japan,2020-08-28,846,orange,orange
Japan,2020-08-29,854,orange,orange
Japan,2020-08-30,605,orange,orange
Japan,2020-08-31,438,orange,orange
Japan,2020-09-01,627,orange,orange
Japan,2020-09-02,596,orange,orange
Japan,2020-09-03,659,orange,orange
Japan,2020-09-04,588,orange,orange
Japan,2020-09-05,601,orange,orange
Japan,2020-09-06,451,orange,orange
Japan,2020-09-07,295,orange,orange
Japan,2020-09-08,511,orange,orange
Japan,2020-09-09,540,orange,orange
Japan,2020-09-10,652,orange,orange
Japan,2020-09-11,642,orange,orange
Japan,2020-09-12,648,orange,orange
Japan,2020-09-13,440,orange,orange
Japan,2020-09-14,268,orange,orange
Japan,2020-09-15,532,orange,orange
Japan,2020-09-16,551,orange,orange
Japan,2020-09-17,491,orange,orange
Japan,2020-09-18,573,orange,orange
Japan,2020-09-19,601,orange,orange
Japan,2020-09-20,480,orange,orange
Japan,2020-09-21,320,orange,orange
Japan,2020-09-22,311,orange,orange
Japan,2020-09-23,236,orange,orange
Japan,2020-09-24,481,orange,orange
Japan,2020-09-25,564,orange,orange
Japan,2020-09-26,649,orange,orange
Japan,2020-09-27,483,orange,orange
Japan,2020-09-28,298,orange,orange
Japan,2020-09-29,538,orange,orange
Japan,2020-09-30,569,orange,orange
Japan,2020-10-01,653,orange,orange
Japan,2020-10-02,524,orange,orange
Japan,2020-10-03,577,orange,orange
Japan,2020-10-04,401,orange,orange
Japan,2020-10-05,281,orange,orange
Japan,2020-10-06,513,orange,orange
Japan,2020-10-07,499,orange,orange
Japan,2020-10-08,640,orange,orange
Japan,2020-10-09,588,orange,orange
Japan,2020-10-10,695,orange,orange
Japan,2020-10-11,438,orange,orange
Japan,2020-10-12,252,orange,orange
Japan,2020-10-13,501,orange,orange
Japan,2020-10-14,541,orange,orange
Japan,2020-10-15,708,orange,orange
Japan,2020-10-16,642,orange,orange
Japan,2020-10-17,626,orange,orange
Japan,2020-10-18,428,orange,orange
Japan,2020-10-19,310,orange,orange
Japan,2020-10-20,487,orange,orange
Japan,2020-10-21,620,orange,orange
Japan,2020-10-22,619,orange,orange
Japan,2020-10-23,734,orange,orange
Japan,2020-10-24,731,orange,orange
Japan,2020-10-25,496,orange,orange
Japan,2020-10-26,408,orange,orange
Japan,2020-10-27,643,orange,orange
Japan,2020-10-28,731,orange,orange
Japan,2020-10-29,797,orange,orange
Japan,2020-10-30,776,orange,orange
Japan,2020-10-31,877,orange,orange
Japan,2020-11-01,616,orange,orange
Japan,2020-11-02,488,orange,orange
Japan,2020-11-03,878,orange,orange
Japan,2020-11-04,619,orange,orange
Japan,2020-11-05,1036,orange,orange
Japan,2020-11-06,1172,orange,orange
Japan,2020-11-07,1303,orange,orange
Japan,2020-11-08,955,orange,orange
Japan,2020-11-09,797,orange,orange
Japan,2020-11-10,1296,orange,orange
Japan,2020-11-11,1524,orange,orange
Japan,2020-11-12,1644,orange,orange
Japan,2020-11-13,1705,orange,orange
Japan,2020-11-14,1753,orange,orange
Japan,2020-11-15,1498,orange,orange
Japan,2020-11-16,946,orange,orange
Japan,2020-11-17,1690,orange,orange
Japan,2020-11-18,2230,orange,orange
Japan,2020-11-19,2382,orange,orange
Japan,2020-11-20,2426,orange,orange
Japan,2020-11-21,2586,orange,orange
Japan,2020-11-22,2163,orange,orange
Japan,2020-11-23,1520,orange,orange
Japan,2020-11-24,1232,orange,orange
Japan,2020-11-25,1949,orange,orange
Japan,2020-11-26,2490,orange,orange
Japan,2020-11-27,2553,orange,orange
Japan,2020-11-28,2679,orange,orange
Japan,2020-11-29,2058,orange,orange
Japan,2020-11-30,1447,orange,orange
Japan,2020-12-01,2014,orange,orange
Japan,2020-12-02,2456,orange,orange
Japan,2020-12-03,2506,orange,orange
Japan,2020-12-04,2449,orange,orange
Japan,2020-12-05,2483,orange,orange
Japan,2020-12-06,2047,orange,orange
Japan,2020-12-07,1517,orange,orange
Japan,2020-12-08,2158,orange,orange
Japan,2020-12-09,2837,orange,orange
Japan,2020-12-10,2977,orange,orange
Japan,2020-12-11,2904,orange,orange
Japan,2020-12-12,2962,orange,orange
Japan,2020-12-13,2367,orange,orange
Japan,2020-12-14,1672,orange,orange
Japan,2020-12-15,2441,orange,orange
Japan,2020-12-16,2999,orange,orange
Japan,2020-12-17,3199,orange,orange
Japan,2020-12-18,2803,orange,orange
Japan,2020-12-19,3062,orange,orange
Japan,2020-12-20,2455,orange,orange
Japan,2020-12-21,1804,orange,orange
Japan,2020-12-22,2658,orange,orange
Japan,2020-12-23,3275,orange,orange
Japan,2020-12-24,3762,orange,orange
Japan,2020-12-25,3806,orange,orange
Japan,2020-12-26,3892,orange,orange
Japan,2020-12-27,2945,orange,orange
Japan,2020-12-28,2374,orange,orange
Japan,2020-12-29,3629,orange,orange
Japan,2020-12-30,3856,orange,orange
Japan,2020-12-31,4540,orange,orange
Japan,2021-01-01,3257,orange,orange
Japan,2021-01-02,3029,orange,orange
Japan,2021-01-03,3196,orange,orange
Japan,2021-01-04,3332,orange,orange
Japan,2021-01-05,4946,orange,orange
Japan,2021-01-06,5950,orange,orange
Japan,2021-01-07,7563,orange,orange
Japan,2021-01-08,7863,orange,orange
Japan,2021-01-09,7790,orange,orange
Japan,2021-01-10,6081,orange,orange
Japan,2021-01-11,4928,orange,orange
Japan,2021-01-12,4575,orange,orange
Japan,2021-01-13,5819,orange,orange
Japan,2021-01-14,6594,orange,orange
Japan,2021-01-15,7137,orange,orange
Japan,2021-01-16,7071,orange,orange
Japan,2021-01-17,5773,orange,orange
Japan,2021-01-18,4890,orange,orange
Japan,2021-01-19,5384,orange,orange
Japan,2021-01-20,5519,orange,orange
Japan,2021-01-21,5621,orange,orange
Japan,2021-01-22,5045,orange,orange
Japan,2021-01-23,4754,orange,orange
Japan,2021-01-24,3971,orange,orange
Japan,2021-01-25,2785,orange,orange
Japan,2021-01-26,3861,orange,orange
Japan,2021-01-27,3937,orange,orange
Japan,2021-01-28,4162,orange,orange
Japan,2021-01-29,3536,orange,orange
Japan,2021-01-30,3319,orange,orange
Japan,2021-01-31,2667,orange,orange
Japan,2021-02-01,1790,orange,orange
Japan,2021-02-02,2313,orange,orange
Japan,2021-02-03,2631,orange,orange
Japan,2021-02-04,2592,orange,orange
Japan,2021-02-05,2366,orange,orange
Japan,2021-02-06,2270,orange,orange
Japan,2021-02-07,1637,orange,orange
Japan,2021-02-08,1227,orange,orange
Japan,2021-02-09,1558,orange,orange
Japan,2021-02-10,1884,orange,orange
Japan,2021-02-11,1691,orange,orange
Japan,2021-02-12,1316,orange,orange
Japan,2021-02-13,1362,orange,orange
Japan,2021-02-14,1351,orange,orange
Japan,2021-02-15,973,orange,orange
Japan,2021-02-16,1308,orange,orange
Japan,2021-02-17,1461,orange,orange
Japan,2021-02-18,1525,orange,orange
Japan,2021-02-19,1297,orange,orange
Japan,2021-02-20,1234,orange,orange
Japan,2021-02-21,1036,orange,orange
Japan,2021-02-22,737,orange,orange
Japan,2021-02-23,1103,orange,orange
Japan,2021-02-24,904,orange,orange
Japan,2021-02-25,1084,orange,orange
Japan,2021-02-26,1057,orange,orange
Japan,2021-02-27,1220,orange,orange
Japan,2021-02-28,997,orange,orange
Japan,2021-03-01,688,orange,orange
Japan,2021-03-02,922,orange,orange
Japan,2021-03-03,1244,orange,orange
Japan,2021-03-04,1149,orange,orange
Japan,2021-03-05,1129,orange,orange
Japan,2021-03-06,412,orange,orange
Japan,2021-03-07,1722,orange,orange
Japan,2021-03-08,621,orange,orange
Japan,2021-03-09,1175,orange,orange
Japan,2021-03-10,1259,orange,orange
Japan,2021-03-11,1303,orange,orange
Japan,2021-03-12,1263,orange,orange
Japan,2021-03-13,1335,orange,orange
Japan,2021-03-14,975,orange,orange
Japan,2021-03-15,713,orange,orange
Japan,2021-03-16,1142,orange,orange
Japan,2021-03-17,1545,orange,orange
Japan,2021-03-18,1460,orange,orange
Japan,2021-03-19,1469,orange,orange
Japan,2021-03-20,1596,orange,orange
Japan,2021-03-21,1106,orange,orange
Japan,2021-03-22,786,orange,orange
Japan,2021-03-23,1517,orange,orange
Japan,2021-03-24,1974,orange,orange
Japan,2021-03-25,1911,orange,orange
Japan,2021-03-26,1977,orange,orange
Japan,2021-03-27,2080,orange,orange
Japan,2021-03-28,1783,orange,orange
Japan,2021-03-29,1290,orange,orange
Japan,2021-03-30,2141,orange,orange
Japan,2021-03-31,2864,orange,orange
Japan,2021-04-01,2598,orange,orange
Japan,2021-04-02,2714,orange,orange
Japan,2021-04-03,2751,orange,orange
Japan,2021-04-04,2522,orange,orange
Japan,2021-04-05,1566,orange,orange
Japan,2021-04-06,2615,orange,orange
Japan,2021-04-07,3453,orange,orange
Japan,2021-04-08,3491,orange,orange
Japan,2021-04-09,3480,orange,orange
Japan,2021-04-10,3706,orange,orange
Japan,2021-04-11,2700,orange,orange
Japan,2021-04-12,2113,orange,orange
Japan,2021-04-13,3449,orange,orange
Japan,2021-04-14,5482,orange,orange
Japan,2021-04-15,4515,orange,orange
Japan,2021-04-16,4511,orange,orange
Japan,2021-04-17,4802,orange,orange
Japan,2021-04-18,4111,orange,orange
Japan,2021-04-19,2274,orange,orange
Japan,2021-04-20,4973,orange,orange
Japan,2021-04-21,5369,orange,orange
Japan,2021-04-22,5526,orange,orange
Japan,2021-04-23,5014,orange,orange
Japan,2021-04-24,5622,orange,orange
Japan,2021-04-25,4623,orange,orange
Japan,2021-04-26,3283,orange,orange
Japan,2021-04-27,4966,orange,orange
Japan,2021-04-28,3796,orange,orange
Japan,2021-04-29,7914,orange,orange
Japan,2021-04-30,4684,orange,orange
Japan,2021-05-01,5989,orange,orange
Japan,2021-05-02,5897,orange,orange
Japan,2021-05-03,4475,orange,orange
Japan,2021-05-04,4197,orange,orange
Japan,2021-05-05,4068,orange,orange
Japan,2021-05-06,4383,orange,orange
Japan,2021-05-07,6046,orange,orange
Japan,2021-05-08,7249,orange,orange
Japan,2021-05-09,6578,orange,orange
Japan,2021-05-10,4857,orange,orange
Japan,2021-05-11,6360,orange,orange
Japan,2021-05-12,7521,orange,orange
Japan,2021-05-13,6367,orange,orange
Japan,2021-05-14,6288,orange,orange
Japan,2021-05-15,6331,orange,orange
Japan,2021-05-16,5265,orange,orange
Japan,2021-05-17,3738,orange,orange
Japan,2021-05-18,5204,orange,orange
Japan,2021-05-19,5854,orange,orange
Japan,2021-05-20,5710,orange,orange
Japan,2021-05-21,5254,orange,orange
Japan,2021-05-22,4985,orange,orange
Japan,2021-05-23,4045,orange,orange
Japan,2021-05-24,2743,orange,orange
Japan,2021-05-25,3918,orange,orange
Japan,2021-05-26,4485,orange,orange
Japan,2021-05-27,4163,orange,orange
Japan,2021-05-28,3701,orange,orange
Japan,2021-05-29,3604,orange,orange
Japan,2021-05-30,2853,orange,orange
Japan,2021-05-31,1796,orange,orange
Japan,2021-06-01,2641,orange,orange
Japan,2021-06-02,3036,orange,orange
Japan,2021-06-03,2848,orange,orange
Japan,2021-06-04,2577,orange,orange
Japan,2021-06-05,2663,orange,orange
Japan,2021-06-06,2027,orange,orange
Japan,2021-06-07,1205,orange,orange
Japan,2021-06-08,1883,orange,orange
Japan,2021-06-09,2245,orange,orange
Japan,2021-06-10,2044,orange,orange
Japan,2021-06-11,1936,orange,orange
Japan,2021-06-12,1947,orange,orange
Japan,2021-06-13,1384,orange,orange
Japan,2021-06-14,941,orange,orange
Japan,2021-06-15,1414,orange,orange
Japan,2021-06-16,1717,orange,orange
Japan,2021-06-17,1545,orange,orange
Japan,2021-06-18,1636,orange,orange
Japan,2021-06-19,1507,orange,orange
Japan,2021-06-20,1318,orange,orange
Japan,2021-06-21,864,orange,orange
Japan,2021-06-22,1443,orange,orange
Japan,2021-06-23,1778,orange,orange
Japan,2021-06-24,1665,orange,orange
Japan,2021-06-25,1727,orange,orange
Italy,2020-01-31,2,orange,orange
Italy,2020-02-01,0,orange,orange
Italy,2020-02-02,0,orange,orange
Italy,2020-02-03,0,orange,orange
Italy,2020-02-04,0,orange,orange
Italy,2020-02-05,0,orange,orange
Italy,2020-02-06,0,orange,orange
Italy,2020-02-07,1,orange,orange
Italy,2020-02-08,0,orange,orange
Italy,2020-02-09,0,orange,orange
Italy,2020-02-10,0,orange,orange
Italy,2020-02-11,0,orange,orange
Italy,2020-02-12,0,orange,orange
Italy,2020-02-13,0,orange,orange
Italy,2020-02-14,0,orange,orange
Italy,2020-02-15,0,orange,orange
Italy,2020-02-16,0,orange,orange
Italy,2020-02-17,0,orange,orange
Italy,2020-02-18,0,orange,orange
Italy,2020-02-19,0,orange,orange
Italy,2020-02-20,0,orange,orange
Italy,2020-02-21,17,orange,orange
Italy,2020-02-22,42,orange,orange
Italy,2020-02-23,93,orange,orange
Italy,2020-02-24,74,orange,orange
Italy,2020-02-25,93,orange,orange
Italy,2020-02-26,131,orange,orange
Italy,2020-02-27,202,orange,orange
Italy,2020-02-28,233,orange,orange
Italy,2020-02-29,240,orange,orange
Italy,2020-03-01,566,orange,orange
Italy,2020-03-02,342,orange,orange
Italy,2020-03-03,466,orange,orange
Italy,2020-03-04,587,orange,orange
Italy,2020-03-05,769,orange,orange
Italy,2020-03-06,778,orange,orange
Italy,2020-03-07,1247,orange,orange
Italy,2020-03-08,1492,orange,orange
Italy,2020-03-09,1797,orange,orange
Italy,2020-03-10,977,orange,orange
Italy,2020-03-11,2313,orange,orange
Italy,2020-03-12,2651,orange,orange
Italy,2020-03-13,2547,orange,orange
Italy,2020-03-14,3497,orange,orange
Italy,2020-03-15,3590,orange,orange
Italy,2020-03-16,3233,orange,orange
Italy,2020-03-17,3526,orange,orange
Italy,2020-03-18,4207,orange,orange
Italy,2020-03-19,5322,orange,orange
Italy,2020-03-20,5986,orange,orange
Italy,2020-03-21,6557,orange,orange
Italy,2020-03-22,5560,orange,orange
Italy,2020-03-23,4789,orange,orange
Italy,2020-03-24,5249,orange,orange
Italy,2020-03-25,5210,orange,orange
Italy,2020-03-26,6203,orange,orange
Italy,2020-03-27,5909,orange,orange
Italy,2020-03-28,5974,orange,orange
Italy,2020-03-29,5217,orange,orange
Italy,2020-03-30,4050,orange,orange
Italy,2020-03-31,4053,orange,orange
Italy,2020-04-01,4782,orange,orange
Italy,2020-04-02,4668,orange,orange
Italy,2020-04-03,4585,orange,orange
Italy,2020-04-04,4805,orange,orange
Italy,2020-04-05,4316,orange,orange
Italy,2020-04-06,3599,orange,orange
Italy,2020-04-07,3039,orange,orange
Italy,2020-04-08,3836,orange,orange
Italy,2020-04-09,4204,orange,orange
Italy,2020-04-10,3951,orange,orange
Italy,2020-04-11,4694,orange,orange
Italy,2020-04-12,4092,orange,orange
Italy,2020-04-13,3153,orange,orange
Italy,2020-04-14,2972,orange,orange
Italy,2020-04-15,2667,orange,orange
Italy,2020-04-16,3786,orange,orange
Italy,2020-04-17,3493,orange,orange
Italy,2020-04-18,3491,orange,orange
Italy,2020-04-19,3047,orange,orange
Italy,2020-04-20,2256,orange,orange
Italy,2020-04-21,2729,orange,orange
Italy,2020-04-22,3370,orange,orange
Italy,2020-04-23,2646,orange,orange
Italy,2020-04-24,3021,orange,orange
Italy,2020-04-25,2357,orange,orange
Italy,2020-04-26,2324,orange,orange
Italy,2020-04-27,1739,orange,orange
Italy,2020-04-28,2091,orange,orange
Italy,2020-04-29,2086,orange,orange
Italy,2020-04-30,1872,orange,orange
Italy,2020-05-01,1965,orange,orange
Italy,2020-05-02,1900,orange,orange
Italy,2020-05-03,1389,orange,orange
Italy,2020-05-04,1221,orange,orange
Italy,2020-05-05,1075,orange,orange
Italy,2020-05-06,1444,orange,orange
Italy,2020-05-07,1401,orange,orange
Italy,2020-05-08,1327,orange,orange
Italy,2020-05-09,1083,orange,orange
Italy,2020-05-10,802,orange,orange
Italy,2020-05-11,744,orange,orange
Italy,2020-05-12,1402,orange,orange
Italy,2020-05-13,888,orange,orange
Italy,2020-05-14,992,orange,orange
Italy,2020-05-15,789,orange,orange
Italy,2020-05-16,875,orange,orange
Italy,2020-05-17,675,orange,orange
Italy,2020-05-18,451,orange,orange
Italy,2020-05-19,813,orange,orange
Italy,2020-05-20,665,orange,orange
Italy,2020-05-21,642,orange,orange
Italy,2020-05-22,652,orange,orange
Italy,2020-05-23,669,orange,orange
Italy,2020-05-24,531,orange,orange
Italy,2020-05-25,300,orange,orange
Italy,2020-05-26,397,orange,orange
Italy,2020-05-27,584,orange,orange
Italy,2020-05-28,593,orange,orange
Italy,2020-05-29,516,orange,orange
Italy,2020-05-30,416,orange,orange
Italy,2020-05-31,333,orange,orange
Italy,2020-06-01,200,orange,orange
Italy,2020-06-02,318,orange,orange
Italy,2020-06-03,321,orange,orange
Italy,2020-06-04,177,orange,orange
Italy,2020-06-05,518,orange,orange
Italy,2020-06-06,270,orange,orange
Italy,2020-06-07,197,orange,orange
Italy,2020-06-08,280,orange,orange
Italy,2020-06-09,283,orange,orange
Italy,2020-06-10,202,orange,orange
Italy,2020-06-11,379,orange,orange
Italy,2020-06-12,163,orange,orange
Italy,2020-06-13,346,orange,orange
Italy,2020-06-14,338,orange,orange
Italy,2020-06-15,301,orange,orange
Italy,2020-06-16,210,orange,orange
Italy,2020-06-17,328,orange,orange
Italy,2020-06-18,331,orange,orange
Italy,2020-06-19,-148,orange,orange
Italy,2020-06-20,264,orange,orange
Italy,2020-06-21,224,orange,orange
Italy,2020-06-22,221,orange,orange
Italy,2020-06-23,113,orange,orange
Italy,2020-06-24,577,orange,orange
Italy,2020-06-25,296,orange,orange
Italy,2020-06-26,255,orange,orange
Italy,2020-06-27,175,orange,orange
Italy,2020-06-28,174,orange,orange
Italy,2020-06-29,126,orange,orange
Italy,2020-06-30,142,orange,orange
Italy,2020-07-01,182,orange,orange
Italy,2020-07-02,201,orange,orange
Italy,2020-07-03,223,orange,orange
Italy,2020-07-04,235,orange,orange
Italy,2020-07-05,192,orange,orange
Italy,2020-07-06,208,orange,orange
Italy,2020-07-07,137,orange,orange
Italy,2020-07-08,193,orange,orange
Italy,2020-07-09,214,orange,orange
Italy,2020-07-10,276,orange,orange
Italy,2020-07-11,188,orange,orange
Italy,2020-07-12,234,orange,orange
Italy,2020-07-13,169,orange,orange
Italy,2020-07-14,114,orange,orange
Italy,2020-07-15,162,orange,orange
Italy,2020-07-16,230,orange,orange
Italy,2020-07-17,231,orange,orange
Italy,2020-07-18,249,orange,orange
Italy,2020-07-19,218,orange,orange
Italy,2020-07-20,190,orange,orange
Italy,2020-07-21,128,orange,orange
Italy,2020-07-22,280,orange,orange
Italy,2020-07-23,306,orange,orange
Italy,2020-07-24,252,orange,orange
Italy,2020-07-25,274,orange,orange
Italy,2020-07-26,254,orange,orange
Italy,2020-07-27,168,orange,orange
Italy,2020-07-28,202,orange,orange
Italy,2020-07-29,288,orange,orange
Italy,2020-07-30,382,orange,orange
Italy,2020-07-31,379,orange,orange
Italy,2020-08-01,295,orange,orange
Italy,2020-08-02,238,orange,orange
Italy,2020-08-03,159,orange,orange
Italy,2020-08-04,190,orange,orange
Italy,2020-08-05,384,orange,orange
Italy,2020-08-06,401,orange,orange
Italy,2020-08-07,552,orange,orange
Italy,2020-08-08,347,orange,orange
Italy,2020-08-09,463,orange,orange
Italy,2020-08-10,259,orange,orange
Italy,2020-08-11,412,orange,orange
Italy,2020-08-12,476,orange,orange
Italy,2020-08-13,522,orange,orange
Italy,2020-08-14,574,orange,orange
Italy,2020-08-15,629,orange,orange
Italy,2020-08-16,477,orange,orange
Italy,2020-08-17,320,orange,orange
Italy,2020-08-18,401,orange,orange
Italy,2020-08-19,642,orange,orange
Italy,2020-08-20,840,orange,orange
Italy,2020-08-21,947,orange,orange
Italy,2020-08-22,1071,orange,orange
Italy,2020-08-23,1209,orange,orange
Italy,2020-08-24,953,orange,orange
Italy,2020-08-25,876,orange,orange
Italy,2020-08-26,1366,orange,orange
Italy,2020-08-27,1409,orange,orange
Italy,2020-08-28,1460,orange,orange
Italy,2020-08-29,1444,orange,orange
Italy,2020-08-30,1365,orange,orange
Italy,2020-08-31,996,orange,orange
Italy,2020-09-01,975,orange,orange
Italy,2020-09-02,1326,orange,orange
Italy,2020-09-03,1397,orange,orange
Italy,2020-09-04,1732,orange,orange
Italy,2020-09-05,1694,orange,orange
Italy,2020-09-06,1296,orange,orange
Italy,2020-09-07,1150,orange,orange
Italy,2020-09-08,1369,orange,orange
Italy,2020-09-09,1430,orange,orange
Italy,2020-09-10,1597,orange,orange
Italy,2020-09-11,1616,orange,orange
Italy,2020-09-12,1501,orange,orange
Italy,2020-09-13,1456,orange,orange
Italy,2020-09-14,1008,orange,orange
Italy,2020-09-15,1229,orange,orange
Italy,2020-09-16,1452,orange,orange
Italy,2020-09-17,1583,orange,orange
Italy,2020-09-18,1907,orange,orange
Italy,2020-09-19,1637,orange,orange
Italy,2020-09-20,1587,orange,orange
Italy,2020-09-21,1350,orange,orange
Italy,2020-09-22,1391,orange,orange
Italy,2020-09-23,1640,orange,orange
Italy,2020-09-24,1786,orange,orange
Italy,2020-09-25,1912,orange,orange
Italy,2020-09-26,1869,orange,orange
Italy,2020-09-27,1766,orange,orange
Italy,2020-09-28,1494,orange,orange
Italy,2020-09-29,1647,orange,orange
Italy,2020-09-30,1850,orange,orange
Italy,2020-10-01,2548,orange,orange
Italy,2020-10-02,2499,orange,orange
Italy,2020-10-03,2843,orange,orange
Italy,2020-10-04,2578,orange,orange
Italy,2020-10-05,2257,orange,orange
Italy,2020-10-06,2677,orange,orange
Italy,2020-10-07,3677,orange,orange
Italy,2020-10-08,4458,orange,orange
Italy,2020-10-09,5372,orange,orange
Italy,2020-10-10,5724,orange,orange
Italy,2020-10-11,5456,orange,orange
Italy,2020-10-12,4619,orange,orange
Italy,2020-10-13,5898,orange,orange
Italy,2020-10-14,7332,orange,orange
Italy,2020-10-15,8803,orange,orange
Italy,2020-10-16,10009,orange,orange
Italy,2020-10-17,10925,orange,orange
Italy,2020-10-18,11705,orange,orange
Italy,2020-10-19,9337,orange,orange
Italy,2020-10-20,10871,orange,orange
Italy,2020-10-21,15199,orange,orange
Italy,2020-10-22,16078,orange,orange
Italy,2020-10-23,19143,orange,orange
Italy,2020-10-24,19640,orange,orange
Italy,2020-10-25,21273,orange,orange
Italy,2020-10-26,17007,orange,orange
Italy,2020-10-27,21989,orange,orange
Italy,2020-10-28,24988,orange,orange
Italy,2020-10-29,26829,orange,orange
Italy,2020-10-30,31079,orange,orange
Italy,2020-10-31,31756,orange,orange
Italy,2020-11-01,29905,orange,orange
Italy,2020-11-02,22253,orange,orange
Italy,2020-11-03,28241,orange,orange
Italy,2020-11-04,30548,orange,orange
Italy,2020-11-05,34502,orange,orange
Italy,2020-11-06,37802,orange,orange
Italy,2020-11-07,39809,orange,orange
Italy,2020-11-08,32614,orange,orange
Italy,2020-11-09,25269,orange,orange
Italy,2020-11-10,35090,orange,orange
Italy,2020-11-11,32961,orange,orange
Italy,2020-11-12,37977,orange,orange
Italy,2020-11-13,40902,orange,orange
Italy,2020-11-14,37249,orange,orange
Italy,2020-11-15,33977,orange,orange
Italy,2020-11-16,27352,orange,orange
Italy,2020-11-17,32191,orange,orange
Italy,2020-11-18,34280,orange,orange
Italy,2020-11-19,36176,orange,orange
Italy,2020-11-20,37239,orange,orange
Italy,2020-11-21,34764,orange,orange
Italy,2020-11-22,28337,orange,orange
Italy,2020-11-23,22927,orange,orange
Italy,2020-11-24,23227,orange,orange
Italy,2020-11-25,25852,orange,orange
Italy,2020-11-26,29001,orange,orange
Italy,2020-11-27,28342,orange,orange
Italy,2020-11-28,26315,orange,orange
Italy,2020-11-29,20646,orange,orange
Italy,2020-11-30,16376,orange,orange
Italy,2020-12-01,19347,orange,orange
Italy,2020-12-02,20709,orange,orange
Italy,2020-12-03,23219,orange,orange
Italy,2020-12-04,24110,orange,orange
Italy,2020-12-05,21052,orange,orange
Italy,2020-12-06,18887,orange,orange
Italy,2020-12-07,13679,orange,orange
Italy,2020-12-08,14837,orange,orange
Italy,2020-12-09,12755,orange,orange
Italy,2020-12-10,16998,orange,orange
Italy,2020-12-11,18726,orange,orange
Italy,2020-12-12,19902,orange,orange
Italy,2020-12-13,17937,orange,orange
Italy,2020-12-14,12025,orange,orange
Italy,2020-12-15,14839,orange,orange
Italy,2020-12-16,17568,orange,orange
Italy,2020-12-17,18233,orange,orange
Italy,2020-12-18,15401,orange,orange
Italy,2020-12-19,16305,orange,orange
Italy,2020-12-20,15102,orange,orange
Italy,2020-12-21,10869,orange,orange
Italy,2020-12-22,13316,orange,orange
Italy,2020-12-23,13908,orange,orange
Italy,2020-12-24,18039,orange,orange
Italy,2020-12-25,19037,orange,orange
Italy,2020-12-26,10405,orange,orange
Italy,2020-12-27,8937,orange,orange
Italy,2020-12-28,8581,orange,orange
Italy,2020-12-29,11210,orange,orange
Italy,2020-12-30,16202,orange,orange
Italy,2020-12-31,23477,orange,orange
Italy,2021-01-01,22210,orange,orange
Italy,2021-01-02,11825,orange,orange
Italy,2021-01-03,14245,orange,orange
Italy,2021-01-04,10798,orange,orange
Italy,2021-01-05,15375,orange,orange
Italy,2021-01-06,20326,orange,orange
Italy,2021-01-07,18416,orange,orange
Italy,2021-01-08,17529,orange,orange
Italy,2021-01-09,19976,orange,orange
Italy,2021-01-10,18625,orange,orange
Italy,2021-01-11,12530,orange,orange
Italy,2021-01-12,14242,orange,orange
Italy,2021-01-13,15773,orange,orange
Italy,2021-01-14,17243,orange,orange
Italy,2021-01-15,16144,orange,orange
Italy,2021-01-16,16310,orange,orange
Italy,2021-01-17,12544,orange,orange
Italy,2021-01-18,8825,orange,orange
Italy,2021-01-19,10496,orange,orange
Italy,2021-01-20,13568,orange,orange
Italy,2021-01-21,14055,orange,orange
Italy,2021-01-22,13633,orange,orange
Italy,2021-01-23,13331,orange,orange
Italy,2021-01-24,11628,orange,orange
Italy,2021-01-25,8559,orange,orange
Italy,2021-01-26,10584,orange,orange
Italy,2021-01-27,15191,orange,orange
Italy,2021-01-28,14360,orange,orange
Italy,2021-01-29,13563,orange,orange
Italy,2021-01-30,12713,orange,red
Italy,2021-01-31,11249,orange,red
Italy,2021-02-01,7925,orange,red
Italy,2021-02-02,9651,orange,red
Italy,2021-02-03,13182,orange,red
Italy,2021-02-04,13656,orange,red
Italy,2021-02-05,14213,orange,red
Italy,2021-02-06,13439,orange,red
Italy,2021-02-07,11640,orange,red
Italy,2021-02-08,7969,orange,red
Italy,2021-02-09,10612,orange,red
Italy,2021-02-10,12947,orange,red
Italy,2021-02-11,15137,orange,red
Italy,2021-02-12,13893,orange,red
Italy,2021-02-13,13523,orange,red
Italy,2021-02-14,11060,orange,red
Italy,2021-02-15,7344,orange,red
Italy,2021-02-16,10368,orange,red
Italy,2021-02-17,12066,orange,red
Italy,2021-02-18,13755,orange,red
Italy,2021-02-19,15470,orange,red
Italy,2021-02-20,14914,orange,red
Italy,2021-02-21,13450,orange,red
Italy,2021-02-22,9617,orange,red
Italy,2021-02-23,13299,orange,red
Italy,2021-02-24,16402,orange,red
Italy,2021-02-25,19871,orange,red
Italy,2021-02-26,20488,orange,red
Italy,2021-02-27,18902,orange,red
Italy,2021-02-28,17440,orange,red
Italy,2021-03-01,13106,orange,red
Italy,2021-03-02,17063,orange,red
Italy,2021-03-03,20840,orange,red
Italy,2021-03-04,22845,orange,red
Italy,2021-03-05,24010,orange,red
Italy,2021-03-06,23633,orange,red
Italy,2021-03-07,20724,orange,orange
Italy,2021-03-08,13882,orange,orange
Italy,2021-03-09,19725,orange,orange
Italy,2021-03-10,22275,orange,orange
Italy,2021-03-11,25649,orange,orange
Italy,2021-03-12,26790,orange,orange
Italy,2021-03-13,26031,orange,orange
Italy,2021-03-14,21304,orange,orange
Italy,2021-03-15,15252,orange,orange
Italy,2021-03-16,20376,orange,orange
Italy,2021-03-17,23040,orange,orange
Italy,2021-03-18,24901,orange,orange
Italy,2021-03-19,25707,orange,orange
Italy,2021-03-20,23913,orange,orange
Italy,2021-03-21,20045,orange,orange
Italy,2021-03-22,24501,orange,orange
Italy,2021-03-23,18739,orange,orange
Italy,2021-03-24,21246,orange,orange
Italy,2021-03-25,23681,orange,orange
Italy,2021-03-26,24076,orange,orange
Italy,2021-03-27,23834,orange,orange
Italy,2021-03-28,19604,orange,orange
Italy,2021-03-29,12900,orange,orange
Italy,2021-03-30,16055,orange,orange
Italy,2021-03-31,23887,orange,orange
Italy,2021-04-01,22184,orange,orange
Italy,2021-04-02,21917,orange,orange
Italy,2021-04-03,21247,orange,orange
Italy,2021-04-04,18017,orange,orange
Italy,2021-04-05,10680,orange,orange
Italy,2021-04-06,7763,orange,orange
Italy,2021-04-07,13686,orange,orange
Italy,2021-04-08,17209,orange,orange
Italy,2021-04-09,18924,orange,orange
Italy,2021-04-10,17551,orange,orange
Italy,2021-04-11,15737,orange,orange
Italy,2021-04-12,9780,orange,orange
Italy,2021-04-13,13439,orange,orange
Italy,2021-04-14,16160,orange,orange
Italy,2021-04-15,16963,orange,orange
Italy,2021-04-16,15923,orange,orange
Italy,2021-04-17,15364,orange,orange
Italy,2021-04-18,12688,orange,orange
Italy,2021-04-19,8863,orange,orange
Italy,2021-04-20,12069,orange,orange
Italy,2021-04-21,13836,orange,orange
Italy,2021-04-22,16046,orange,orange
Italy,2021-04-23,14758,orange,orange
Italy,2021-04-24,13814,orange,orange
Italy,2021-04-25,13157,orange,orange
Italy,2021-04-26,8440,orange,orange
Italy,2021-04-27,10398,orange,orange
Italy,2021-04-28,13382,orange,orange
Italy,2021-04-29,14314,orange,orange
Italy,2021-04-30,13445,orange,orange
Italy,2021-05-01,12964,orange,orange
Italy,2021-05-02,9145,orange,orange
Italy,2021-05-03,5946,orange,orange
Italy,2021-05-04,9113,orange,orange
Italy,2021-05-05,10579,orange,orange
Italy,2021-05-06,11798,orange,orange
Italy,2021-05-07,10549,orange,orange
Italy,2021-05-08,10174,orange,orange
Italy,2021-05-09,8289,orange,orange
Italy,2021-05-10,5077,orange,orange
Italy,2021-05-11,6943,orange,orange
Italy,2021-05-12,7848,orange,orange
Italy,2021-05-13,8082,orange,orange
Italy,2021-05-14,7562,orange,orange
Italy,2021-05-15,6652,orange,orange
Italy,2021-05-16,5748,orange,orange
Italy,2021-05-17,3454,orange,orange
Italy,2021-05-18,4449,orange,orange
Italy,2021-05-19,5500,orange,orange
Italy,2021-05-20,5736,orange,orange
Italy,2021-05-21,5215,orange,orange
Italy,2021-05-22,4714,orange,orange
Italy,2021-05-23,3993,orange,orange
Italy,2021-05-24,2489,orange,orange
Italy,2021-05-25,3220,orange,orange
Italy,2021-05-26,3935,orange,orange
Italy,2021-05-27,4143,orange,orange
Italy,2021-05-28,3737,orange,orange
Italy,2021-05-29,3348,orange,orange
Italy,2021-05-30,2948,orange,orange
Italy,2021-05-31,1818,orange,orange
Italy,2021-06-01,2483,orange,orange
Italy,2021-06-02,2896,orange,orange
Italy,2021-06-03,1963,orange,orange
Italy,2021-06-04,2556,orange,orange
Italy,2021-06-05,2434,orange,orange
Italy,2021-06-06,2275,orange,orange
Italy,2021-06-07,1270,orange,orange
Italy,2021-06-08,1894,orange,orange
Italy,2021-06-09,2198,orange,orange
Italy,2021-06-10,2078,orange,orange
Italy,2021-06-11,1892,orange,orange
Italy,2021-06-12,1722,orange,orange
Italy,2021-06-13,1390,orange,orange
Italy,2021-06-14,907,orange,orange
Italy,2021-06-15,1253,orange,orange
Italy,2021-06-16,1400,orange,orange
Italy,2021-06-17,1323,orange,orange
Italy,2021-06-18,1147,orange,orange
Italy,2021-06-19,1193,orange,orange
Italy,2021-06-20,881,orange,orange
Italy,2021-06-21,484,orange,orange
Italy,2021-06-22,834,orange,orange
Italy,2021-06-23,1140,orange,orange
Italy,2021-06-24,266,orange,orange
Italy,2021-06-25,751,orange,orange
,,,orange,orange
,,,orange,orange